<?xml version="1.0" encoding="UTF-8"?>
<!DOCTYPE codetemplates PUBLIC "-//NetBeans//DTD Editor Code Templates settings 1.0//EN" "http://www.netbeans.org/dtds/EditorCodeTemplates-1_0.dtd">
<codetemplates>
    <codetemplate abbreviation="docenum" xml:space="preserve">
        <code><![CDATA[/***********************************************************************************
 * @enum ENUMERATION_NAME
 * @brief This enumeration is comprised of xxx types
 **********************************************************************************/

typedef enum ENUMERATION_NAME_LABEL {
    
	MEMBER				= 0, ///<  DESCRIPTION
        
} ENUMERATION_LABEL;
]]></code>
        <description><![CDATA[Default enumeration with doxygen tagged comments]]></description>
    </codetemplate>
    <codetemplate abbreviation="docds" xml:space="preserve">
        <code><![CDATA[/***********************************************************************************
 * @struct STRUCTURE_NAME
 * @brief DESCRIPTION
 * \memberof PARENT_STRUCTURE
 * \extends PARENT_STRUCTURE
 **********************************************************************************/

typedef struct STRUCTURE_NAME_LABEL_s {
    
	volatile DATA_TYPE MEMBER; ///<  DESCRIPTION
        
} STRUCTURE_LABEL_t;
]]></code>
        <description><![CDATA[Default data structure with doxygen tagged comments]]></description>
    </codetemplate>
    <codetemplate abbreviation="sw" xml:space="preserve">
        <code><![CDATA[switch  (${cursor})  {
    case :
        break;
        
    default:
        break;
}
    
    ]]></code>
        <description><![CDATA[Switch-case statement]]></description>
    </codetemplate>
    <codetemplate abbreviation="lic" xml:space="preserve">
        <code><![CDATA[/* ********************************************************************************
 * © 2020 Microchip Technology Inc. and its subsidiaries.
 *
 * Subject to your compliance with these terms, you may use Microchip software 
 * and any derivatives exclusively with Microchip products. It is your 
 * responsibility to comply with third party license terms applicable to your 
 * use of third party software (including open source software) that may accompany 
 * Microchip software.
 *
 * THIS SOFTWARE IS SUPPLIED BY MICROCHIP "AS IS". NO WARRANTIES, WHETHER EXPRESS, 
 * IMPLIED OR STATUTORY, APPLY TO THIS SOFTWARE, INCLUDING ANY IMPLIED WARRANTIES 
 * OF NON-INFRINGEMENT, MERCHANTABILITY, AND FITNESS FOR A PARTICULAR PURPOSE. IN 
 * NO EVENT WILL MICROCHIP BE LIABLE FOR ANY INDIRECT, SPECIAL, PUNITIVE, 
 * INCIDENTAL OR CONSEQUENTIAL LOSS, DAMAGE, COST OR EXPENSE OF ANY KIND WHATSOEVER 
 * RELATED TO THE SOFTWARE, HOWEVER CAUSED, EVEN IF MICROCHIP HAS BEEN ADVISED OF 
 * THE POSSIBILITY OR THE DAMAGES ARE FORESEEABLE. TO THE FULLEST EXTENT ALLOWED 
 * BY LAW, MICROCHIP'S TOTAL LIABILITY ON ALL CLAIMS IN ANY WAY RELATED TO THIS 
 * SOFTWARE WILL NOT EXCEED THE AMOUNT OF FEES, IF ANY, THAT YOU HAVE PAID DIRECTLY 
 * TO MICROCHIP FOR THIS SOFTWARE.
 * ********************************************************************************/
]]></code>
        <description><![CDATA[Microchip Technology Standard Disclaimer]]></description>
    </codetemplate>
    <codetemplate abbreviation="docfun" xml:space="preserve">
        <code><![CDATA[/***********************************************************************************
 * @fn DATA_TYPE FUNCTION_NAME
 * @brief  ADD_SHORT_DESCRIPTION/SUMMARY_HERE
 * @param  ADD_PARAMETER_HERE
 * @return DATA_TYPE SHORT_VALUE_DESCRIPTION
 * 
 * <b>Description</b>
 * ADD_DESCRIPTION_HERE
 *
 * <p><b>Example:</b></p>
 *
 * <code>
 * ADD_CODE_EXAMPLE_HERE
 * </code>
 *
 * <p><b>Remarks:</b></p>
 * ADD_REMARKS_HERE
 *
 **********************************************************************************/
volatile DATA_TYPE FUNCTION_NAME(volatile DATA_TYPE PARAMETER_NAME) {

    volatile uint16_t retval=1;
	
	return(retval);

}
]]></code>
        <description><![CDATA[Default function with doxygen tagged comments]]></description>
    </codetemplate>
    <codetemplate abbreviation="docgroup" xml:space="preserve">
        <code><![CDATA[/***********************************************************************************
 * @addtogroup GROUP_NAME
 * @addtogroup GROUP_PARENT_NAME
 * @{ 
 **********************************************************************************/
 
PLACE_CODE_HERE
 
 /** @} */ // end of group
]]></code>
        <description><![CDATA[Group definition with doxygen tagged comments
Use this template for grouping file contents]]></description>
    </codetemplate>
</codetemplates>
